id,description,price,title,count
4e7d4ca1-5dc2-4cfe-a410-74b36f8145a6,111,111,111,111
a0a977d4-a7d0-4bcf-8e9d-0c283f2d33fe,Desc1,1,Tit1,11
6567ec4b-b10c-48c5-9345-fc73c48a80aa,Short Ildar Product Description_6,69.99,Ildar_Product_6,60
9567ec4b-b10c-48c5-9345-fc73c48a80aa,Short Ildar Product Description_9,99.99,Ildar_Product_9,90
1fe3ac32-ee12-4e5d-9f23-e76a1cf34e6c,test create descr,12.2,test-create,44
2567ec4b-b10c-48c5-9345-fc73c48a80aa,Short Ildar Product Description_2,29.99,Ildar_Product_2,20
ec13f3bd-9da6-445f-927c-2b02c9900231,Short Ildar Product Description_7,79.99,Ildar_Product_777,70
c9dd976a-69ae-4bf2-842c-395c110341c7,11,111,1,1
809b661b-b695-41f5-9b99-d37455d43b0b,1,1,1,11
5567ec4b-b10c-48c5-9345-fc73c48a80aa,Short Ildar Product Description_5,59.99,Ildar_Product_5,50
6ccea86f-8a56-458c-9bce-8132e6795805,Short Ildar Product Description_7,79.99,Ildar_Product_77,70
